1,Rbd80C11b00,18.98437498,42.03297434,19.33593748,42.16340343
2,Rbd80C11b80,19.33593748,42.03297434,19.68749998,42.16340343
3,Rbd80C11c00,19.68749998,42.03297434,20.03906248,42.16340343
4,Rbd80C11c80,20.03906248,42.03297434,20.39062498,42.16340343
5,Rbd80C11d00,20.39062498,42.03297434,20.74218748,42.16340343
6,Rbd80C11d80,20.74218748,42.03297434,21.09374998,42.16340343
7,Rbd80C11e00,21.09374998,42.03297434,21.44531248,42.16340343
8,Rbd80C11e80,21.44531248,42.03297434,21.79687498,42.16340343
9,Rbd80C11f00,21.79687498,42.03297434,22.14843748,42.16340343
10,Rbd80C11f80,22.14843748,42.03297434,22.49999998,42.16340343
11,Rbd80C12000,22.49999998,42.03297434,22.85156248,42.16340343
12,Rbd80C12080,22.85156248,42.03297434,23.20312498,42.16340343
13,Rbd80C12100,23.20312498,42.03297434,23.55468748,42.16340343
14,Rbd80C12180,23.55468748,42.03297434,23.90624998,42.16340343
15,Rbd80C12200,23.90624998,42.03297434,24.25781248,42.16340343
16,Rbd80C12280,24.25781248,42.03297434,24.60937498,42.16340343
17,Rbd80C12300,24.60937498,42.03297434,24.96093748,42.16340343
18,Rbd80C12380,24.96093748,42.03297434,25.31249998,42.16340343
19,Rbd80C12400,25.31249998,42.03297434,25.66406248,42.16340343
20,Rbd80C12480,25.66406248,42.03297434,26.01562498,42.16340343
21,Rbd80C12500,26.01562498,42.03297434,26.36718748,42.16340343
22,Rbd80C12580,26.36718748,42.03297434,26.71874998,42.16340343
23,Rbd80C12600,26.71874998,42.03297434,27.07031248,42.16340343
24,Rbd80C12680,27.07031248,42.03297434,27.42187498,42.16340343
25,Rbd80C12700,27.42187498,42.03297434,27.77343748,42.16340343
26,Rbd80C12780,27.77343748,42.03297434,28.03710936,42.16340343
27,Rbe00C11b00,19.11621092,41.83682787,19.33593748,42.03297434
28,Rbe00C11b80,19.33593748,41.77131169,19.68749998,42.03297434
29,Rbe00C11c00,19.68749998,41.77131169,20.03906248,42.03297434
30,Rbe00C11c80,20.03906248,41.77131169,20.39062498,42.03297434
31,Rbe00C11d00,20.39062498,41.77131169,20.74218748,42.03297434
32,Rbe00C11d80,20.74218748,41.77131169,21.09374998,42.03297434
33,Rbe00C11e00,21.09374998,41.77131169,21.44531248,42.03297434
34,Rbe00C11e80,21.44531248,41.77131169,21.79687498,42.03297434
35,Rbe00C11f00,21.79687498,41.77131169,22.14843748,42.03297434
36,Rbe00C11f80,22.14843748,41.77131169,22.49999998,42.03297434
37,Rbe00C12000,22.49999998,41.77131169,22.85156248,42.03297434
38,Rbe00C12080,22.85156248,41.77131169,23.20312498,42.03297434
39,Rbe00C12100,23.20312498,41.77131169,23.55468748,42.03297434
40,Rbe00C12180,23.55468748,41.77131169,23.90624998,42.03297434
41,Rbe00C12200,23.90624998,41.77131169,24.25781248,42.03297434
42,Rbe00C12280,24.25781248,41.77131169,24.60937498,42.03297434
43,Rbe00C12300,24.60937498,41.77131169,24.96093748,42.03297434
44,Rbe00C12380,24.96093748,41.77131169,25.31249998,42.03297434
45,Rbe00C12400,25.31249998,41.77131169,25.66406248,42.03297434
46,Rbe00C12480,25.66406248,41.77131169,26.01562498,42.03297434
47,Rbe00C12500,26.01562498,41.77131169,26.36718748,42.03297434
48,Rbe00C12580,26.36718748,41.77131169,26.71874998,42.03297434
49,Rbe00C12600,26.71874998,41.77131169,27.07031248,42.03297434
50,Rbe00C12680,27.07031248,41.77131169,27.42187498,42.03297434
51,Rbe00C12700,27.42187498,41.77131169,27.77343748,42.03297434
52,Rbe00C12780,27.77343748,41.77131169,28.08105467,42.03297434
53,Rbe80C11b80,19.42382811,41.50857731,19.68749998,41.77131169
54,Rbe80C11c00,19.68749998,41.50857731,20.03906248,41.77131169
55,Rbe80C11c80,20.03906248,41.50857731,20.39062498,41.77131169
56,Rbe80C11d00,20.39062498,41.50857731,20.74218748,41.77131169
57,Rbe80C11d80,20.74218748,41.50857731,21.09374998,41.77131169
58,Rbe80C11e00,21.09374998,41.50857731,21.44531248,41.77131169
59,Rbe80C11e80,21.44531248,41.50857731,21.79687498,41.77131169
60,Rbe80C11f00,21.79687498,41.50857731,22.14843748,41.77131169
61,Rbe80C11f80,22.14843748,41.50857731,22.49999998,41.77131169
62,Rbe80C12000,22.49999998,41.50857731,22.85156248,41.77131169
63,Rbe80C12080,22.85156248,41.50857731,23.20312498,41.77131169
64,Rbe80C12100,23.20312498,41.50857731,23.55468748,41.77131169
65,Rbe80C12180,23.55468748,41.50857731,23.90624998,41.77131169
66,Rbe80C12200,23.90624998,41.50857731,24.25781248,41.77131169
67,Rbe80C12280,24.25781248,41.50857731,24.60937498,41.77131169
68,Rbe80C12300,24.60937498,41.50857731,24.96093748,41.77131169
69,Rbe80C12380,24.96093748,41.50857731,25.31249998,41.77131169
70,Rbe80C12400,25.31249998,41.50857731,25.66406248,41.77131169
71,Rbe80C12480,25.66406248,41.50857731,26.01562498,41.77131169
72,Rbe80C12500,26.01562498,41.50857731,26.36718748,41.77131169
73,Rbe80C12580,26.36718748,41.50857731,26.71874998,41.77131169
74,Rbe80C12600,26.71874998,41.50857731,27.07031248,41.77131169
75,Rbe80C12680,27.07031248,41.50857731,27.42187498,41.77131169
76,Rbe80C12700,27.42187498,41.50857731,27.77343748,41.77131169
77,Rbe80C12780,27.77343748,41.50857731,28.12499998,41.77131169
78,Rbe80C12800,28.12499998,41.50857731,28.30078123,41.64007839
79,Rbf00C11b80,19.3798828,41.24477235,19.68749998,41.50857731
80,Rbf00C11c00,19.68749998,41.24477235,20.03906248,41.50857731
81,Rbf00C11c80,20.03906248,41.24477235,20.39062498,41.50857731
82,Rbf00C11d00,20.39062498,41.24477235,20.74218748,41.50857731
83,Rbf00C11d80,20.74218748,41.24477235,21.09374998,41.50857731
84,Rbf00C11e00,21.09374998,41.24477235,21.44531248,41.50857731
85,Rbf00C11e80,21.44531248,41.24477235,21.79687498,41.50857731
86,Rbf00C11f00,21.79687498,41.24477235,22.14843748,41.50857731
87,Rbf00C11f80,22.14843748,41.24477235,22.49999998,41.50857731
88,Rbf00C12000,22.49999998,41.24477235,22.85156248,41.50857731
89,Rbf00C12080,22.85156248,41.24477235,23.20312498,41.50857731
90,Rbf00C12100,23.20312498,41.24477235,23.55468748,41.50857731
91,Rbf00C12180,23.55468748,41.24477235,23.90624998,41.50857731
92,Rbf00C12200,23.90624998,41.24477235,24.25781248,41.50857731
93,Rbf00C12280,24.25781248,41.24477235,24.60937498,41.50857731
94,Rbf00C12300,24.60937498,41.24477235,24.96093748,41.50857731
95,Rbf00C12380,24.96093748,41.24477235,25.31249998,41.50857731
96,Rbf00C12400,25.31249998,41.24477235,25.66406248,41.50857731
97,Rbf00C12480,25.66406248,41.24477235,26.01562498,41.50857731
98,Rbf00C12500,26.01562498,41.24477235,26.36718748,41.50857731
99,Rbf00C12580,26.36718748,41.24477235,26.71874998,41.50857731
100,Rbf00C12600,26.71874998,41.24477235,27.07031248,41.50857731
101,Rbf00C12680,27.07031248,41.24477235,27.42187498,41.50857731
102,Rbf00C12700,27.42187498,41.24477235,27.77343748,41.50857731
103,Rbf00C12780,27.77343748,41.24477235,28.12499998,41.50857731
104,Rbf00C12800,28.12499998,41.24477235,28.47656248,41.50857731
105,Rbf00C12880,28.47656248,41.24477235,28.82812498,41.44272639
106,Rbf00C12900,28.82812498,41.24477235,29.13574217,41.31082389
107,Rbf80C11b80,19.42382811,40.97989808,19.68749998,41.24477235
108,Rbf80C11c00,19.68749998,40.97989808,20.03906248,41.24477235
109,Rbf80C11c80,20.03906248,40.97989808,20.39062498,41.24477235
110,Rbf80C11d00,20.39062498,40.97989808,20.74218748,41.24477235
111,Rbf80C11d80,20.74218748,40.97989808,21.09374998,41.24477235
112,Rbf80C11e00,21.09374998,40.97989808,21.44531248,41.24477235
113,Rbf80C11e80,21.44531248,40.97989808,21.79687498,41.24477235
114,Rbf80C11f00,21.79687498,40.97989808,22.14843748,41.24477235
115,Rbf80C11f80,22.14843748,40.97989808,22.49999998,41.24477235
116,Rbf80C12000,22.49999998,40.97989808,22.85156248,41.24477235
117,Rbf80C12080,22.85156248,40.97989808,23.20312498,41.24477235
118,Rbf80C12100,23.20312498,40.97989808,23.55468748,41.24477235
119,Rbf80C12180,23.55468748,40.97989808,23.90624998,41.24477235
120,Rbf80C12200,23.90624998,40.97989808,24.25781248,41.24477235
121,Rbf80C12280,24.25781248,40.97989808,24.60937498,41.24477235
122,Rbf80C12300,24.60937498,40.97989808,24.96093748,41.24477235
123,Rbf80C12380,24.96093748,40.97989808,25.31249998,41.24477235
124,Rbf80C12400,25.31249998,40.97989808,25.66406248,41.24477235
125,Rbf80C12480,25.66406248,40.97989808,26.01562498,41.24477235
126,Rbf80C12500,26.01562498,40.97989808,26.36718748,41.24477235
127,Rbf80C12580,26.36718748,40.97989808,26.71874998,41.24477235
128,Rbf80C12600,26.71874998,40.97989808,27.07031248,41.24477235
129,Rbf80C12680,27.07031248,40.97989808,27.42187498,41.24477235
130,Rbf80C12700,27.42187498,40.97989808,27.77343748,41.24477235
131,Rbf80C12780,27.77343748,40.97989808,28.12499998,41.24477235
132,Rbf80C12800,28.12499998,41.0130658,28.47656248,41.24477235
133,Rbf80C12880,28.47656248,40.97989808,28.82812498,41.24477235
134,Rbf80C12900,28.82812498,40.97989808,29.17968748,41.24477235
135,Rbf80C12980,29.17968748,40.97989808,29.53124998,41.24477235
136,Rbf80C12a00,29.53124998,40.97989808,29.88281248,41.21172152
137,Rbf80C12a80,29.88281248,40.97989808,30.23437498,41.21172152
138,Rbf80C12b00,30.23437498,40.97989808,30.58593748,41.24477235
139,Rbf80C12b80,30.58593748,40.97989808,30.93749998,41.14556974
140,Rbf80C12c00,30.93749998,40.97989808,30.98144529,41.07935116
141,Rc000C11b80,19.33593748,40.71395583,19.68749998,40.97989808
142,Rc000C11c00,19.68749998,40.71395583,20.03906248,40.97989808
143,Rc000C11c80,20.03906248,40.71395583,20.39062498,40.97989808
144,Rc000C11d00,20.39062498,40.71395583,20.74218748,40.97989808
145,Rc000C11d80,20.74218748,40.71395583,21.09374998,40.97989808
146,Rc000C11e00,21.09374998,40.71395583,21.44531248,40.97989808
147,Rc000C11e80,21.44531248,40.71395583,21.79687498,40.97989808
148,Rc000C11f00,21.79687498,40.71395583,22.14843748,40.97989808
149,Rc000C11f80,22.14843748,40.71395583,22.49999998,40.97989808
150,Rc000C12000,22.49999998,40.71395583,22.85156248,40.97989808
151,Rc000C12080,22.85156248,40.71395583,23.20312498,40.97989808
152,Rc000C12100,23.20312498,40.71395583,23.55468748,40.97989808
153,Rc000C12180,23.55468748,40.71395583,23.90624998,40.97989808
154,Rc000C12200,23.90624998,40.71395583,24.25781248,40.97989808
155,Rc000C12280,24.25781248,40.71395583,24.60937498,40.97989808
156,Rc000C12300,24.60937498,40.71395583,24.96093748,40.97989808
157,Rc000C12380,24.96093748,40.91351258,25.31249998,40.97989808
158,Rc000C12400,25.31249998,40.84706036,25.66406248,40.97989808
159,Rc000C12480,25.66406248,40.74725697,26.01562498,40.97989808
160,Rc000C12500,26.01562498,40.71395583,26.36718748,40.97989808
161,Rc000C12580,26.36718748,40.71395583,26.71874998,40.97989808
162,Rc000C12600,26.71874998,40.71395583,27.07031248,40.97989808
163,Rc000C12680,27.07031248,40.71395583,27.42187498,40.97989808
164,Rc000C12700,27.42187498,40.81380924,27.59765623,40.97989808
165,Rc000C12780,27.81738279,40.94671367,27.99316404,40.97989808
166,Rc000C12880,28.56445311,40.94671367,28.82812498,40.97989808
167,Rc000C12900,28.82812498,40.81380924,29.17968748,40.97989808
168,Rc000C12980,29.17968748,40.71395583,29.53124998,40.97989808
169,Rc000C12a00,29.53124998,40.71395583,29.88281248,40.97989808
170,Rc000C12a80,29.88281248,40.71395583,30.23437498,40.97989808
171,Rc000C12b00,30.23437498,40.71395583,30.58593748,40.97989808
172,Rc000C12b80,30.58593748,40.71395583,30.93749998,40.97989808
173,Rc000C12c00,30.93749998,40.71395583,30.98144529,40.97989808
174,Rc080C11b00,19.24804686,40.44694707,19.33593748,40.71395583
175,Rc080C11b80,19.33593748,40.44694707,19.68749998,40.71395583
176,Rc080C11c00,19.68749998,40.44694707,20.03906248,40.71395583
177,Rc080C11c80,20.03906248,40.44694707,20.39062498,40.71395583
178,Rc080C11d00,20.39062498,40.44694707,20.74218748,40.71395583
179,Rc080C11d80,20.74218748,40.44694707,21.09374998,40.71395583
180,Rc080C11e00,21.09374998,40.44694707,21.44531248,40.71395583
181,Rc080C11e80,21.44531248,40.44694707,21.79687498,40.71395583
182,Rc080C11f00,21.79687498,40.44694707,22.14843748,40.71395583
183,Rc080C11f80,22.14843748,40.44694707,22.49999998,40.71395583
184,Rc080C12000,22.49999998,40.44694707,22.85156248,40.71395583
185,Rc080C12080,22.85156248,40.44694707,23.20312498,40.71395583
186,Rc080C12100,23.20312498,40.44694707,23.55468748,40.71395583
187,Rc080C12180,23.55468748,40.44694707,23.90624998,40.71395583
188,Rc080C12200,23.90624998,40.44694707,24.03808592,40.54720024
189,Rc080C12280,24.47753905,40.58058467,24.60937498,40.71395583
190,Rc080C12300,24.60937498,40.54720024,24.82910155,40.71395583
191,Rc080C12400,25.40039061,40.44694707,25.66406248,40.54720024
192,Rc080C12480,25.66406248,40.44694707,25.88378905,40.51379916
193,Rc080C12500,26.01562498,40.58058467,26.36718748,40.71395583
194,Rc080C12580,26.36718748,40.44694707,26.71874998,40.71395583
195,Rc080C12600,26.71874998,40.44694707,27.07031248,40.71395583
196,Rc080C12680,27.07031248,40.44694707,27.33398436,40.71395583
197,Rc080C12700,27.42187498,40.44694707,27.77343748,40.68063803
198,Rc080C12780,27.77343748,40.44694707,28.12499998,40.54720024
199,Rc080C12880,28.47656248,40.48038144,28.82812498,40.58058467
200,Rc080C12900,28.82812498,40.44694707,29.17968748,40.68063803
201,Rc080C12980,29.17968748,40.44694707,29.53124998,40.71395583
202,Rc080C12a00,29.53124998,40.44694707,29.88281248,40.71395583
203,Rc080C12a80,29.88281248,40.44694707,30.23437498,40.71395583
204,Rc080C12b00,30.23437498,40.44694707,30.58593748,40.71395583
205,Rc080C12b80,30.58593748,40.44694707,30.93749998,40.71395583
206,Rc080C12c00,30.93749998,40.44694707,30.98144529,40.71395583
207,Rc100C11b00,19.24804686,40.34654413,19.33593748,40.44694707
208,Rc100C11b80,19.33593748,40.17887332,19.68749998,40.44694707
209,Rc100C11c00,19.68749998,40.17887332,20.03906248,40.44694707
210,Rc100C11c80,20.03906248,40.17887332,20.39062498,40.44694707
211,Rc100C11d00,20.39062498,40.17887332,20.74218748,40.44694707
212,Rc100C11d80,20.74218748,40.17887332,21.09374998,40.44694707
213,Rc100C11e00,21.09374998,40.17887332,21.44531248,40.44694707
214,Rc100C11e80,21.44531248,40.17887332,21.79687498,40.44694707
215,Rc100C11f00,21.79687498,40.17887332,22.14843748,40.44694707
216,Rc100C11f80,22.14843748,40.17887332,22.49999998,40.44694707
217,Rc100C12000,22.49999998,40.17887332,22.67578123,40.44694707
218,Rc100C12080,22.85156248,40.24599151,23.20312498,40.44694707
219,Rc100C12100,23.20312498,40.17887332,23.55468748,40.44694707
220,Rc100C12180,23.55468748,40.17887332,23.90624998,40.44694707
221,Rc100C12200,23.90624998,40.17887332,24.25781248,40.44694707
222,Rc100C12280,24.25781248,40.17887332,24.43359373,40.31304322
223,Rc100C12400,25.44433592,40.38002841,25.66406248,40.44694707
224,Rc100C12480,25.66406248,40.17887332,26.01562498,40.44694707
225,Rc100C12500,26.19140623,40.17887332,26.36718748,40.41349606
226,Rc100C12580,26.36718748,40.17887332,26.71874998,40.44694707
227,Rc100C12600,26.71874998,40.17887332,27.07031248,40.44694707
228,Rc100C12680,27.07031248,40.17887332,27.42187498,40.44694707
229,Rc100C12700,27.42187498,40.17887332,27.77343748,40.44694707
230,Rc100C12780,27.77343748,40.17887332,28.12499998,40.44694707
231,Rc100C12800,28.12499998,40.17887332,28.47656248,40.41349606
232,Rc100C12880,28.47656248,40.17887332,28.82812498,40.41349606
233,Rc100C12900,28.82812498,40.17887332,29.17968748,40.44694707
234,Rc100C12980,29.17968748,40.17887332,29.53124998,40.44694707
235,Rc100C12a00,29.53124998,40.17887332,29.88281248,40.44694707
236,Rc100C12a80,29.88281248,40.17887332,30.23437498,40.44694707
237,Rc100C12b00,30.23437498,40.17887332,30.58593748,40.44694707
238,Rc100C12b80,30.58593748,40.17887332,30.93749998,40.44694707
239,Rc100C12c00,30.93749998,40.17887332,30.98144529,40.44694707
240,Rc180C11b80,19.51171873,40.11168867,19.68749998,40.17887332
241,Rc180C11c00,19.68749998,39.90973624,20.03906248,40.17887332
242,Rc180C11c80,20.03906248,39.90973624,20.39062498,40.17887332
243,Rc180C11d00,20.39062498,39.90973624,20.74218748,40.17887332
244,Rc180C11d80,20.74218748,39.90973624,21.09374998,40.17887332
245,Rc180C11e00,21.09374998,39.90973624,21.44531248,40.17887332
246,Rc180C11e80,21.44531248,39.90973624,21.79687498,40.17887332
247,Rc180C11f00,21.79687498,39.90973624,22.14843748,40.17887332
248,Rc180C11f80,22.14843748,39.90973624,22.49999998,40.17887332
249,Rc180C12000,22.49999998,39.90973624,22.76367186,40.17887332
250,Rc180C12100,23.29101561,39.90973624,23.55468748,40.17887332
251,Rc180C12180,23.55468748,39.90973624,23.90624998,40.17887332
252,Rc180C12200,23.90624998,39.90973624,24.25781248,40.17887332
253,Rc180C12280,24.25781248,40.07807144,24.43359373,40.17887332
254,Rc180C12380,25.0048828,39.90973624,25.31249998,40.04443759
255,Rc180C12400,25.31249998,39.90973624,25.66406248,40.1452893
256,Rc180C12480,25.66406248,40.07807144,26.01562498,40.17887332
257,Rc180C12500,26.01562498,39.90973624,26.36718748,40.17887332
258,Rc180C12580,26.36718748,39.90973624,26.71874998,40.17887332
259,Rc180C12600,26.71874998,39.90973624,27.07031248,40.17887332
260,Rc180C12680,27.07031248,39.90973624,27.42187498,40.17887332
261,Rc180C12700,27.42187498,39.90973624,27.77343748,40.17887332
262,Rc180C12780,27.77343748,39.90973624,28.12499998,40.17887332
263,Rc180C12800,28.12499998,39.90973624,28.47656248,40.17887332
264,Rc180C12880,28.47656248,39.90973624,28.82812498,40.17887332
265,Rc180C12900,28.82812498,39.90973624,29.17968748,40.17887332
266,Rc180C12980,29.17968748,39.90973624,29.53124998,40.17887332
267,Rc180C12a00,29.53124998,39.90973624,29.88281248,40.17887332
268,Rc180C12a80,29.88281248,39.90973624,30.23437498,40.17887332
269,Rc180C12b00,30.23437498,39.90973624,30.58593748,40.17887332
270,Rc180C12b80,30.58593748,39.90973624,30.93749998,40.17887332
271,Rc180C12c00,30.93749998,39.90973624,30.98144529,40.17887332
272,Rc200C11b80,19.33593748,39.63953757,19.68749998,39.90973624
273,Rc200C11c00,19.68749998,39.63953757,20.03906248,39.90973624
274,Rc200C11c80,20.03906248,39.63953757,20.39062498,39.90973624
275,Rc200C11d00,20.39062498,39.63953757,20.74218748,39.90973624
276,Rc200C11d80,20.74218748,39.63953757,21.09374998,39.90973624
277,Rc200C11e00,21.09374998,39.63953757,21.44531248,39.90973624
278,Rc200C11e80,21.44531248,39.63953757,21.79687498,39.90973624
279,Rc200C11f00,21.79687498,39.63953757,22.14843748,39.90973624
280,Rc200C11f80,22.14843748,39.63953757,22.49999998,39.90973624
281,Rc200C12000,22.49999998,39.63953757,22.85156248,39.90973624
282,Rc200C12080,22.85156248,39.63953757,22.93945311,39.80853605
283,Rc200C12180,23.68652342,39.87601943,23.77441405,39.90973624
284,Rc200C12380,25.0048828,39.77476949,25.31249998,39.90973624
285,Rc200C12400,25.31249998,39.77476949,25.40039061,39.90973624
286,Rc200C12480,25.92773436,39.77476949,26.01562498,39.87601943
287,Rc200C12500,26.01562498,39.63953757,26.36718748,39.90973624
288,Rc200C12580,26.36718748,39.63953757,26.71874998,39.90973624
289,Rc200C12600,26.71874998,39.63953757,27.07031248,39.90973624
290,Rc200C12680,27.07031248,39.63953757,27.42187498,39.90973624
291,Rc200C12700,27.42187498,39.63953757,27.77343748,39.90973624
292,Rc200C12780,27.77343748,39.63953757,28.12499998,39.90973624
293,Rc200C12800,28.12499998,39.63953757,28.47656248,39.90973624
294,Rc200C12880,28.47656248,39.63953757,28.82812498,39.90973624
295,Rc200C12900,28.82812498,39.63953757,29.17968748,39.90973624
296,Rc200C12980,29.17968748,39.63953757,29.53124998,39.90973624
297,Rc200C12a00,29.53124998,39.63953757,29.88281248,39.90973624
298,Rc200C12a80,29.88281248,39.63953757,30.23437498,39.90973624
299,Rc200C12b00,30.23437498,39.63953757,30.58593748,39.90973624
300,Rc200C12b80,30.58593748,39.63953757,30.93749998,39.90973624
301,Rc200C12c00,30.93749998,39.63953757,30.98144529,39.90973624
302,Rc280C11c00,19.68749998,39.36827916,20.03906248,39.63953757
303,Rc280C11c80,20.03906248,39.36827916,20.39062498,39.63953757
304,Rc280C11d00,20.39062498,39.36827916,20.74218748,39.63953757
305,Rc280C11d80,20.74218748,39.36827916,21.09374998,39.63953757
306,Rc280C11e00,21.09374998,39.36827916,21.44531248,39.63953757
307,Rc280C11e80,21.44531248,39.36827916,21.79687498,39.63953757
308,Rc280C11f00,21.79687498,39.36827916,22.14843748,39.63953757
309,Rc280C11f80,22.14843748,39.36827916,22.49999998,39.63953757
310,Rc280C12000,22.49999998,39.36827916,22.85156248,39.63953757
311,Rc280C12080,22.85156248,39.36827916,23.20312498,39.63953757
312,Rc280C12100,23.20312498,39.36827916,23.2470703,39.40224435
313,Rc280C12200,24.03808592,39.36827916,24.21386717,39.53793975
314,Rc280C12280,24.3017578,39.36827916,24.34570311,39.40224435
315,Rc280C12380,24.96093748,39.43619301,25.09277342,39.57182225
316,Rc280C12500,26.0595703,39.36827916,26.36718748,39.63953757
317,Rc280C12580,26.36718748,39.36827916,26.71874998,39.63953757
318,Rc280C12600,26.71874998,39.36827916,27.07031248,39.63953757
319,Rc280C12680,27.07031248,39.36827916,27.42187498,39.63953757
320,Rc280C12700,27.42187498,39.36827916,27.77343748,39.63953757
321,Rc280C12780,27.77343748,39.36827916,28.12499998,39.63953757
322,Rc280C12800,28.12499998,39.36827916,28.47656248,39.63953757
323,Rc280C12880,28.47656248,39.36827916,28.82812498,39.63953757
324,Rc280C12900,28.82812498,39.36827916,29.17968748,39.63953757
325,Rc280C12980,29.17968748,39.36827916,29.53124998,39.63953757
326,Rc280C12a00,29.53124998,39.36827916,29.88281248,39.63953757
327,Rc280C12a80,29.88281248,39.36827916,30.23437498,39.63953757
328,Rc280C12b00,30.23437498,39.36827916,30.58593748,39.63953757
329,Rc280C12b80,30.58593748,39.36827916,30.93749998,39.63953757
330,Rc280C12c00,30.93749998,39.36827916,30.98144529,39.63953757
331,Rc300C11c80,20.03906248,39.09596295,20.39062498,39.36827916
332,Rc300C11d00,20.39062498,39.09596295,20.74218748,39.36827916
333,Rc300C11d80,20.74218748,39.09596295,21.09374998,39.36827916
334,Rc300C11e00,21.09374998,39.09596295,21.44531248,39.36827916
335,Rc300C11e80,21.44531248,39.09596295,21.79687498,39.36827916
336,Rc300C11f00,21.79687498,39.09596295,22.14843748,39.36827916
337,Rc300C11f80,22.14843748,39.09596295,22.49999998,39.36827916
338,Rc300C12000,22.49999998,39.09596295,22.85156248,39.36827916
339,Rc300C12080,22.85156248,39.09596295,23.20312498,39.36827916
340,Rc300C12100,23.20312498,39.09596295,23.55468748,39.36827916
341,Rc300C12180,23.55468748,39.09596295,23.90624998,39.26628443
342,Rc300C12200,23.90624998,39.09596295,24.16992186,39.36827916
343,Rc300C12280,24.3017578,39.3002992,24.34570311,39.36827916
344,Rc300C12480,25.79589842,39.09596295,26.01562498,39.3002992
345,Rc300C12500,26.01562498,39.09596295,26.36718748,39.36827916
346,Rc300C12580,26.36718748,39.09596295,26.71874998,39.36827916
347,Rc300C12600,26.71874998,39.09596295,27.07031248,39.36827916
348,Rc300C12680,27.07031248,39.09596295,27.42187498,39.36827916
349,Rc300C12700,27.42187498,39.09596295,27.77343748,39.36827916
350,Rc300C12780,27.77343748,39.09596295,28.12499998,39.36827916
351,Rc300C12800,28.12499998,39.09596295,28.47656248,39.36827916
352,Rc300C12880,28.47656248,39.09596295,28.82812498,39.36827916
353,Rc300C12900,28.82812498,39.09596295,29.17968748,39.36827916
354,Rc300C12980,29.17968748,39.09596295,29.53124998,39.36827916
355,Rc300C12a00,29.53124998,39.09596295,29.88281248,39.36827916
356,Rc300C12a80,29.88281248,39.09596295,30.23437498,39.36827916
357,Rc300C12b00,30.23437498,39.09596295,30.58593748,39.36827916
358,Rc300C12b80,30.58593748,39.09596295,30.93749998,39.36827916
359,Rc300C12c00,30.93749998,39.09596295,30.98144529,39.36827916
360,Rc380C11d00,20.61035155,38.82259099,20.74218748,39.09596295
361,Rc380C11d80,20.74218748,38.82259099,21.09374998,39.09596295
362,Rc380C11e00,21.09374998,38.82259099,21.44531248,39.09596295
363,Rc380C11e80,21.44531248,38.82259099,21.79687498,39.09596295
364,Rc380C11f00,21.79687498,38.82259099,22.14843748,39.09596295
365,Rc380C11f80,22.14843748,38.82259099,22.49999998,39.09596295
366,Rc380C12000,22.49999998,38.82259099,22.85156248,39.09596295
367,Rc380C12080,22.85156248,38.82259099,23.20312498,39.09596295
368,Rc380C12100,23.20312498,38.82259099,23.55468748,39.09596295
369,Rc380C12180,23.64257811,39.06184914,23.81835936,39.09596295
370,Rc380C12200,23.90624998,39.02771885,24.16992186,39.09596295
371,Rc380C12280,24.3017578,38.82259099,24.60937498,39.02771885
372,Rc380C12300,24.60937498,38.82259099,24.69726561,38.89103284
373,Rc380C12500,26.01562498,38.9594088,26.36718748,39.09596295
374,Rc380C12580,26.36718748,38.92522906,26.63085936,39.09596295
375,Rc380C12600,26.7626953,38.82259099,27.07031248,39.09596295
376,Rc380C12680,27.07031248,38.82259099,27.42187498,39.09596295
377,Rc380C12700,27.42187498,38.82259099,27.77343748,39.09596295
378,Rc380C12780,27.77343748,38.82259099,28.12499998,39.09596295
379,Rc380C12800,28.12499998,38.82259099,28.47656248,39.09596295
380,Rc380C12880,28.47656248,38.82259099,28.82812498,39.09596295
381,Rc380C12900,28.82812498,38.82259099,29.17968748,39.09596295
382,Rc380C12980,29.17968748,38.82259099,29.53124998,39.09596295
383,Rc380C12a00,29.53124998,38.82259099,29.88281248,39.09596295
384,Rc380C12a80,29.88281248,38.82259099,30.23437498,39.09596295
385,Rc380C12b00,30.23437498,38.82259099,30.58593748,39.09596295
386,Rc380C12b80,30.58593748,38.82259099,30.93749998,39.09596295
387,Rc380C12c00,30.93749998,38.82259099,30.98144529,39.09596295
388,Rc400C11d00,20.52246092,38.54816543,20.74218748,38.82259099
389,Rc400C11d80,20.74218748,38.54816543,21.09374998,38.82259099
390,Rc400C11e00,21.09374998,38.54816543,21.44531248,38.82259099
391,Rc400C11e80,21.44531248,38.54816543,21.79687498,38.82259099
392,Rc400C11f00,21.79687498,38.54816543,22.14843748,38.82259099
393,Rc400C11f80,22.14843748,38.54816543,22.49999998,38.82259099
394,Rc400C12000,22.49999998,38.54816543,22.85156248,38.82259099
395,Rc400C12080,22.85156248,38.54816543,23.20312498,38.78834536
396,Rc400C12100,23.20312498,38.54816543,23.55468748,38.82259099
397,Rc400C12180,23.55468748,38.54816543,23.90624998,38.82259099
398,Rc400C12200,23.90624998,38.54816543,24.25781248,38.71980475
399,Rc400C12280,24.38964842,38.71980475,24.60937498,38.82259099
400,Rc400C12300,24.60937498,38.71980475,24.69726561,38.82259099
401,Rc400C12400,25.48828123,38.54816543,25.66406248,38.61687047
402,Rc400C12480,25.79589842,38.54816543,26.01562498,38.61687047
403,Rc400C12500,26.01562498,38.54816543,26.36718748,38.68550977
404,Rc400C12580,26.36718748,38.54816543,26.71874998,38.75408328
405,Rc400C12600,26.71874998,38.54816543,27.07031248,38.82259099
406,Rc400C12680,27.07031248,38.54816543,27.42187498,38.82259099
407,Rc400C12700,27.42187498,38.54816543,27.77343748,38.82259099
408,Rc400C12780,27.77343748,38.54816543,28.12499998,38.82259099
409,Rc400C12800,28.12499998,38.54816543,28.47656248,38.82259099
410,Rc400C12880,28.47656248,38.54816543,28.82812498,38.82259099
411,Rc400C12900,28.82812498,38.54816543,29.17968748,38.82259099
412,Rc400C12980,29.17968748,38.54816543,29.53124998,38.82259099
413,Rc400C12a00,29.53124998,38.54816543,29.88281248,38.82259099
414,Rc400C12a80,29.88281248,38.54816543,30.23437498,38.82259099
415,Rc400C12b00,30.23437498,38.54816543,30.58593748,38.82259099
416,Rc400C12b80,30.58593748,38.54816543,30.93749998,38.82259099
417,Rc400C12c00,30.93749998,38.54816543,30.98144529,38.82259099
418,Rc480C11c80,20.34667967,38.27268855,20.39062498,38.3416562
419,Rc480C11d00,20.39062498,38.27268855,20.74218748,38.54816543
420,Rc480C11d80,20.74218748,38.27268855,21.09374998,38.54816543
421,Rc480C11e00,21.09374998,38.27268855,21.44531248,38.54816543
422,Rc480C11e80,21.44531248,38.27268855,21.79687498,38.54816543
423,Rc480C11f00,21.79687498,38.27268855,22.14843748,38.54816543
424,Rc480C11f80,22.14843748,38.30718057,22.49999998,38.54816543
425,Rc480C12000,22.49999998,38.27268855,22.85156248,38.54816543
426,Rc480C12080,22.85156248,38.27268855,23.20312498,38.54816543
427,Rc480C12100,23.20312498,38.27268855,23.55468748,38.54816543
428,Rc480C12180,23.55468748,38.27268855,23.90624998,38.54816543
429,Rc480C12200,23.90624998,38.27268855,24.25781248,38.54816543
430,Rc480C12280,24.25781248,38.27268855,24.3017578,38.30718057
431,Rc480C12400,25.44433592,38.51378827,25.62011717,38.54816543
432,Rc480C12480,25.79589842,38.27268855,26.01562498,38.54816543
433,Rc480C12500,26.01562498,38.27268855,26.36718748,38.54816543
434,Rc480C12580,26.36718748,38.27268855,26.71874998,38.54816543
435,Rc480C12600,26.71874998,38.27268855,27.07031248,38.54816543
436,Rc480C12680,27.07031248,38.27268855,27.42187498,38.54816543
437,Rc480C12700,27.42187498,38.27268855,27.77343748,38.54816543
438,Rc480C12780,27.77343748,38.27268855,28.12499998,38.54816543
439,Rc480C12800,28.12499998,38.27268855,28.47656248,38.54816543
440,Rc480C12880,28.47656248,38.27268855,28.82812498,38.54816543
441,Rc480C12900,28.82812498,38.27268855,29.17968748,38.54816543
442,Rc480C12980,29.17968748,38.27268855,29.53124998,38.54816543
443,Rc480C12a00,29.53124998,38.27268855,29.88281248,38.54816543
444,Rc480C12a80,29.88281248,38.27268855,30.23437498,38.54816543
445,Rc480C12b00,30.23437498,38.27268855,30.58593748,38.54816543
446,Rc480C12b80,30.58593748,38.27268855,30.93749998,38.54816543
447,Rc480C12c00,30.93749998,38.27268855,30.98144529,38.54816543
448,Rc500C11c80,20.30273436,38.13455659,20.39062498,38.27268855
449,Rc500C11d00,20.39062498,38.0307857,20.74218748,38.27268855
450,Rc500C11d80,20.74218748,38.0307857,20.83007811,38.20365533
451,Rc500C11e00,21.26953123,37.99616269,21.44531248,38.23818013
452,Rc500C11e80,21.44531248,37.99616269,21.79687498,38.27268855
453,Rc500C11f00,21.79687498,37.99616269,22.14843748,38.27268855
454,Rc500C11f80,22.14843748,37.99616269,22.49999998,38.23818013
455,Rc500C12000,22.49999998,37.99616269,22.85156248,38.27268855
456,Rc500C12080,22.85156248,37.99616269,23.20312498,38.27268855
457,Rc500C12100,23.20312498,37.99616269,23.55468748,38.27268855
458,Rc500C12180,23.55468748,37.99616269,23.90624998,38.27268855
459,Rc500C12200,23.90624998,37.99616269,24.25781248,38.27268855
460,Rc500C12280,24.25781248,37.99616269,24.60937498,38.27268855
461,Rc500C12300,24.74121092,37.99616269,24.82910155,38.0307857
462,Rc500C12380,25.26855467,38.13455659,25.31249998,38.16911414
463,Rc500C12480,25.83984373,38.09998266,26.01562498,38.27268855
464,Rc500C12500,26.01562498,38.09998266,26.36718748,38.27268855
465,Rc500C12580,26.36718748,38.06539236,26.71874998,38.27268855
466,Rc500C12600,26.71874998,37.99616269,27.07031248,38.27268855
467,Rc500C12680,27.07031248,37.99616269,27.42187498,38.27268855
468,Rc500C12700,27.42187498,37.99616269,27.77343748,38.27268855
469,Rc500C12780,27.77343748,37.99616269,28.12499998,38.27268855
470,Rc500C12800,28.12499998,37.99616269,28.47656248,38.27268855
471,Rc500C12880,28.47656248,37.99616269,28.82812498,38.27268855
472,Rc500C12900,28.82812498,37.99616269,29.17968748,38.27268855
473,Rc500C12980,29.17968748,37.99616269,29.53124998,38.27268855
474,Rc500C12a00,29.53124998,37.99616269,29.88281248,38.27268855
475,Rc500C12a80,29.88281248,37.99616269,30.23437498,38.27268855
476,Rc500C12b00,30.23437498,37.99616269,30.58593748,38.27268855
477,Rc500C12b80,30.58593748,37.99616269,30.93749998,38.27268855
478,Rc500C12c00,30.93749998,37.99616269,30.98144529,38.27268855
479,Rc580C11d00,20.61035155,37.71859033,20.74218748,37.96152332
480,Rc580C11d80,20.74218748,37.71859033,21.00585936,37.89219556
481,Rc580C11e00,21.09374998,37.71859033,21.44531248,37.99616269
482,Rc580C11e80,21.44531248,37.71859033,21.79687498,37.99616269
483,Rc580C11f00,21.79687498,37.71859033,22.14843748,37.99616269
484,Rc580C11f80,22.14843748,37.71859033,22.49999998,37.99616269
485,Rc580C12000,22.49999998,37.71859033,22.85156248,37.99616269
486,Rc580C12080,22.85156248,37.71859033,23.20312498,37.99616269
487,Rc580C12100,23.20312498,37.71859033,23.55468748,37.99616269
488,Rc580C12180,23.55468748,37.71859033,23.90624998,37.99616269
489,Rc580C12200,23.90624998,37.71859033,24.25781248,37.99616269
490,Rc580C12280,24.25781248,37.92686761,24.60937498,37.99616269
491,Rc580C12300,24.6533203,37.71859033,24.96093748,37.99616269
492,Rc580C12380,24.96093748,37.71859033,25.0048828,37.92686761
493,Rc580C12580,26.54296873,37.71859033,26.71874998,37.82280244
494,Rc580C12600,26.71874998,37.71859033,27.07031248,37.82280244
495,Rc580C12680,27.07031248,37.71859033,27.42187498,37.99616269
496,Rc580C12700,27.42187498,37.71859033,27.77343748,37.99616269
497,Rc580C12780,27.77343748,37.71859033,28.12499998,37.99616269
498,Rc580C12800,28.12499998,37.71859033,28.47656248,37.99616269
499,Rc580C12880,28.47656248,37.71859033,28.82812498,37.99616269
500,Rc580C12900,28.82812498,37.71859033,29.17968748,37.99616269
501,Rc580C12980,29.17968748,37.71859033,29.53124998,37.99616269
502,Rc580C12a00,29.53124998,37.71859033,29.88281248,37.99616269
503,Rc580C12a80,29.88281248,37.71859033,30.23437498,37.99616269
504,Rc580C12b00,30.23437498,37.71859033,30.58593748,37.99616269
505,Rc580C12b80,30.58593748,37.71859033,30.93749998,37.99616269
506,Rc580C12c00,30.93749998,37.71859033,30.98144529,37.99616269
507,Rc600C11d00,20.69824217,37.68382034,20.74218748,37.71859033
508,Rc600C11d80,20.74218748,37.61423142,21.00585936,37.71859033
509,Rc600C11e00,21.26953123,37.57941252,21.44531248,37.71859033
510,Rc600C11e80,21.44531248,37.43997406,21.79687498,37.71859033
511,Rc600C11f00,21.79687498,37.43997406,22.14843748,37.71859033
512,Rc600C11f80,22.14843748,37.43997406,22.49999998,37.71859033
513,Rc600C12000,22.49999998,37.43997406,22.85156248,37.71859033
514,Rc600C12080,22.85156248,37.43997406,23.20312498,37.71859033
515,Rc600C12100,23.20312498,37.43997406,23.55468748,37.71859033
516,Rc600C12180,23.86230467,37.47485809,23.90624998,37.71859033
517,Rc600C12200,23.90624998,37.43997406,24.16992186,37.71859033
518,Rc600C12280,24.25781248,37.43997406,24.47753905,37.71859033
519,Rc600C12300,24.60937498,37.43997406,24.96093748,37.71859033
520,Rc600C12380,24.96093748,37.43997406,25.31249998,37.71859033
521,Rc600C12400,25.31249998,37.43997406,25.53222655,37.50972585
522,Rc600C12480,25.92773436,37.47485809,26.01562498,37.61423142
523,Rc600C12500,26.01562498,37.50972585,26.36718748,37.71859033
524,Rc600C12580,26.36718748,37.47485809,26.71874998,37.71859033
525,Rc600C12600,26.71874998,37.43997406,27.07031248,37.71859033
526,Rc600C12680,27.07031248,37.43997406,27.42187498,37.71859033
527,Rc600C12700,27.42187498,37.43997406,27.77343748,37.71859033
528,Rc600C12780,27.77343748,37.43997406,28.12499998,37.71859033
529,Rc600C12800,28.12499998,37.43997406,28.47656248,37.71859033
530,Rc600C12880,28.47656248,37.43997406,28.82812498,37.71859033
531,Rc600C12900,28.82812498,37.43997406,29.17968748,37.71859033
532,Rc600C12980,29.17968748,37.43997406,29.53124998,37.71859033
533,Rc600C12a00,29.53124998,37.43997406,29.88281248,37.71859033
534,Rc600C12a80,29.88281248,37.43997406,30.23437498,37.71859033
535,Rc600C12b00,30.23437498,37.43997406,30.58593748,37.71859033
536,Rc600C12b80,30.58593748,37.43997406,30.93749998,37.71859033
537,Rc600C12c00,30.93749998,37.43997406,30.98144529,37.71859033
538,Rc680C11d80,20.96191405,37.2303284,21.04980467,37.30027529
539,Rc680C11e80,21.53320311,37.16031656,21.79687498,37.43997406
540,Rc680C11f00,21.79687498,37.16031656,22.14843748,37.43997406
541,Rc680C11f80,22.14843748,37.16031656,22.49999998,37.43997406
542,Rc680C12000,22.49999998,37.16031656,22.85156248,37.43997406
543,Rc680C12080,22.85156248,37.16031656,23.20312498,37.43997406
544,Rc680C12100,23.20312498,37.2303284,23.55468748,37.43997406
545,Rc680C12180,23.55468748,37.33522437,23.5986328,37.40507376
546,Rc680C12280,24.34570311,37.16031656,24.60937498,37.43997406
547,Rc680C12300,24.60937498,37.2303284,24.96093748,37.43997406
548,Rc680C12380,24.96093748,37.16031656,25.31249998,37.43997406
549,Rc680C12400,25.31249998,37.16031656,25.62011717,37.43997406
550,Rc680C12480,25.88378905,37.2303284,25.97167967,37.26530997
551,Rc680C12580,26.4111328,37.19533059,26.71874998,37.43997406
552,Rc680C12600,26.71874998,37.16031656,27.02636717,37.43997406
553,Rc680C12680,27.07031248,37.16031656,27.42187498,37.43997406
554,Rc680C12700,27.42187498,37.16031656,27.77343748,37.43997406
555,Rc680C12780,27.77343748,37.16031656,28.12499998,37.43997406
556,Rc680C12800,28.12499998,37.16031656,28.47656248,37.43997406
557,Rc680C12880,28.47656248,37.16031656,28.82812498,37.43997406
558,Rc680C12900,28.82812498,37.16031656,29.17968748,37.43997406
559,Rc680C12980,29.17968748,37.16031656,29.53124998,37.43997406
560,Rc680C12a00,29.53124998,37.16031656,29.88281248,37.43997406
561,Rc680C12a80,29.88281248,37.16031656,30.23437498,37.43997406
562,Rc680C12b00,30.23437498,37.16031656,30.58593748,37.43997406
563,Rc680C12b80,30.58593748,37.16031656,30.93749998,37.43997406
564,Rc680C12c00,30.93749998,37.16031656,30.98144529,37.43997406
565,Rc700C11e80,21.53320311,36.87962061,21.79687498,37.16031656
566,Rc700C11f00,21.79687498,36.87962061,22.14843748,37.16031656
567,Rc700C11f80,22.14843748,36.87962061,22.49999998,37.16031656
568,Rc700C12000,22.49999998,36.87962061,22.85156248,37.16031656
569,Rc700C12080,22.85156248,36.87962061,23.07128905,37.16031656
570,Rc700C12100,23.42285155,36.87962061,23.51074217,36.9498918
571,Rc700C12280,24.38964842,37.09023981,24.60937498,37.16031656
572,Rc700C12300,24.60937498,36.87962061,24.96093748,37.05517712
573,Rc700C12380,24.96093748,36.9147643,25.31249998,37.16031656
574,Rc700C12400,25.31249998,36.87962061,25.66406248,37.16031656
575,Rc700C12480,25.66406248,36.87962061,26.01562498,37.16031656
576,Rc700C12500,26.01562498,36.87962061,26.36718748,37.02009821
577,Rc700C12580,26.36718748,36.9850031,26.54296873,37.05517712
578,Rc700C12600,26.7626953,36.87962061,27.07031248,37.16031656
579,Rc700C12680,27.07031248,36.87962061,27.42187498,37.16031656
580,Rc700C12700,27.42187498,36.9498918,27.77343748,37.16031656
581,Rc700C12780,27.77343748,36.87962061,28.12499998,37.16031656
582,Rc700C12800,28.12499998,36.87962061,28.47656248,37.16031656
583,Rc700C12880,28.47656248,36.87962061,28.82812498,37.16031656
584,Rc700C12900,28.82812498,36.87962061,29.17968748,37.16031656
585,Rc700C12980,29.17968748,36.87962061,29.53124998,37.16031656
586,Rc700C12a00,29.53124998,36.87962061,29.88281248,37.16031656
587,Rc700C12a80,29.88281248,36.87962061,30.23437498,37.16031656
588,Rc700C12b00,30.23437498,36.87962061,30.58593748,37.16031656
589,Rc700C12b80,30.58593748,36.87962061,30.93749998,37.16031656
590,Rc700C12c00,30.93749998,36.87962061,30.98144529,37.16031656
591,Rc780C11e80,21.66503905,36.66841893,21.79687498,36.87962061
592,Rc780C11f00,21.79687498,36.66841893,21.97265623,36.87962061
593,Rc780C11f80,22.1923828,36.59788914,22.49999998,36.87962061
594,Rc780C12000,22.49999998,36.59788914,22.85156248,36.87962061
595,Rc780C12080,22.85156248,36.59788914,23.11523436,36.87962061
596,Rc780C12180,23.55468748,36.73888413,23.90624998,36.87962061
597,Rc780C12200,24.21386717,36.73888413,24.25781248,36.84446075
598,Rc780C12280,24.25781248,36.59788914,24.60937498,36.87962061
599,Rc780C12300,24.60937498,36.59788914,24.96093748,36.84446075
600,Rc780C12380,24.96093748,36.59788914,25.31249998,36.80928471
601,Rc780C12400,25.31249998,36.63316211,25.66406248,36.87962061
602,Rc780C12480,25.66406248,36.59788914,26.01562498,36.87962061
603,Rc780C12500,26.23535155,36.59788914,26.36718748,36.63316211
604,Rc780C12580,26.36718748,36.59788914,26.49902342,36.66841893
605,Rc780C12600,26.89453123,36.59788914,27.07031248,36.87962061
606,Rc780C12680,27.07031248,36.59788914,27.42187498,36.87962061
607,Rc780C12700,27.42187498,36.59788914,27.77343748,36.84446075
608,Rc780C12780,27.77343748,36.59788914,28.12499998,36.87962061
609,Rc780C12800,28.12499998,36.59788914,28.47656248,36.87962061
610,Rc780C12880,28.47656248,36.59788914,28.82812498,36.87962061
611,Rc780C12900,28.82812498,36.59788914,29.17968748,36.87962061
612,Rc780C12980,29.17968748,36.59788914,29.53124998,36.87962061
613,Rc780C12a00,29.53124998,36.59788914,29.88281248,36.87962061
614,Rc780C12a80,29.88281248,36.59788914,30.23437498,36.87962061
615,Rc780C12b00,30.23437498,36.59788914,30.58593748,36.87962061
616,Rc780C12b80,30.58593748,36.59788914,30.93749998,36.87962061
617,Rc780C12c00,30.93749998,36.84446075,30.98144529,36.87962061
618,Rc800C11f80,22.32421873,36.35052702,22.49999998,36.59788914
619,Rc800C12000,22.49999998,36.38591278,22.5439453,36.52729482
620,Rc800C12080,22.85156248,36.31512516,23.20312498,36.59788914
621,Rc800C12100,23.20312498,36.42128245,23.2470703,36.45663602
622,Rc800C12200,24.12597655,36.52729482,24.16992186,36.56260005
623,Rc800C12300,24.87304686,36.56260005,24.96093748,36.59788914
624,Rc800C12400,25.31249998,36.31512516,25.53222655,36.49197348
625,Rc800C12480,25.7080078,36.31512516,25.88378905,36.42128245
626,Rc800C12500,26.10351561,36.49197348,26.36718748,36.59788914
627,Rc800C12580,26.36718748,36.31512516,26.71874998,36.59788914
628,Rc800C12600,26.71874998,36.31512516,27.07031248,36.59788914
629,Rc800C12680,27.07031248,36.35052702,27.42187498,36.59788914
630,Rc800C12700,27.42187498,36.35052702,27.77343748,36.59788914
631,Rc800C12780,27.77343748,36.31512516,28.12499998,36.59788914
632,Rc800C12800,28.12499998,36.31512516,28.25683592,36.59788914
633,Rc800C12880,28.78417967,36.56260005,28.82812498,36.59788914
634,Rc800C12900,28.82812498,36.31512516,29.17968748,36.59788914
635,Rc800C12980,29.17968748,36.31512516,29.53124998,36.59788914
636,Rc800C12a00,29.53124998,36.31512516,29.88281248,36.59788914
637,Rc800C12a80,29.88281248,36.31512516,30.23437498,36.59788914
638,Rc800C12b00,30.23437498,36.31512516,30.58593748,36.59788914
639,Rc800C12b80,30.58593748,36.56260005,30.62988279,36.59788914
640,Rc880C12080,22.85156248,36.06686214,23.15917967,36.31512516
641,Rc880C12380,25.18066405,36.10237646,25.31249998,36.27970721
642,Rc880C12400,25.31249998,36.10237646,25.3564453,36.13787473
643,Rc880C12480,25.75195311,36.24427319,25.92773436,36.31512516
644,Rc880C12580,26.36718748,36.03133179,26.71874998,36.31512516
645,Rc880C12600,26.71874998,36.24427319,26.80664061,36.31512516
646,Rc880C12700,27.50976561,36.03133179,27.77343748,36.31512516
647,Rc880C12780,27.77343748,36.03133179,28.12499998,36.31512516
648,Rc880C12800,28.12499998,36.17335694,28.21289061,36.31512516
649,Rc880C12980,29.22363279,36.13787473,29.53124998,36.31512516
650,Rc880C12a00,29.53124998,36.10237646,29.88281248,36.31512516
651,Rc880C12a80,29.88281248,36.13787473,30.23437498,36.31512516
652,Rc880C12b00,30.23437498,36.13787473,30.49804686,36.31512516
653,Rc900C12080,23.15917967,35.92464454,23.20312498,35.9957854
654,Rc900C12100,23.20312498,35.81781317,23.33496092,35.9957854
655,Rc900C12500,26.19140623,35.81781317,26.27929686,35.88905009
656,Rc900C12580,26.4111328,35.78217071,26.54296873,36.03133179
657,Rc900C12600,26.80664061,35.85343963,26.85058592,35.92464454
658,Rc900C12680,27.1142578,35.74651227,27.24609373,35.92464454
659,Rc900C12700,27.68554686,35.85343963,27.77343748,36.03133179
660,Rc900C12780,27.77343748,35.81781317,28.12499998,36.03133179
661,Rc980C12100,23.46679686,35.46066996,23.55468748,35.60371875
662,Rc980C12180,23.55468748,35.46066996,23.90624998,35.71083785
663,Rc980C12200,23.90624998,35.46066996,24.25781248,35.63944108
664,Rc980C12380,25.18066405,35.46066996,25.26855467,35.49645607
665,Rc980C12400,25.53222655,35.56798047,25.62011717,35.63944108
666,Rc980C12600,26.89453123,35.46066996,27.07031248,35.63944108
667,Rc980C12680,27.07031248,35.46066996,27.29003905,35.74651227
668,Rca00C12100,23.46679686,35.2456191,23.55468748,35.46066996
669,Rca00C12180,23.55468748,35.20972166,23.90624998,35.46066996
670,Rca00C12200,23.90624998,35.17380833,24.25781248,35.46066996
671,Rca00C12280,24.25781248,35.17380833,24.60937498,35.46066996
672,Rca00C12300,24.60937498,35.17380833,24.96093748,35.46066996
673,Rca00C12380,24.96093748,35.17380833,25.31249998,35.46066996
674,Rca00C12400,25.31249998,35.17380833,25.66406248,35.35321611
675,Rca00C12480,25.66406248,35.17380833,26.01562498,35.35321611
676,Rca00C12500,26.01562498,35.17380833,26.36718748,35.38904998
677,Rca00C12600,26.80664061,35.31736634,27.02636717,35.46066996
678,Rca00C12680,27.07031248,35.38904998,27.20214842,35.46066996
679,Rca80C12200,23.9501953,34.88593095,24.03808592,34.95799532
680,Rca80C12280,24.25781248,34.99400377,24.60937498,35.17380833
681,Rca80C12300,24.60937498,34.88593095,24.96093748,35.17380833
682,Rca80C12380,24.96093748,34.88593095,25.31249998,35.17380833
683,Rca80C12400,25.31249998,34.95799532,25.66406248,35.17380833
684,Rca80C12480,25.66406248,34.99400377,26.01562498,35.17380833
685,Rca80C12500,26.01562498,34.88593095,26.32324217,35.17380833
686,Rcb00C12200,23.99414061,34.77771581,24.16992186,34.88593095
687,Rcb00C12480,25.66406248,34.84987504,25.75195311,34.88593095
